{
    "info": {
        "name": "Capitulo9_API_REST_Segura_Full",
        "schema": "https://schema.getpostman.com/json/collection/v2.1.0/collection.json"
    },
    "item": [
        {
            "name": "Register (API REST Segura)",
            "request": {
                "method": "POST",
                "header": [
                    {
                        "key": "Content-Type",
                        "value": "application/json"
                    }
                ],
                "url": {
                    "raw": "http://localhost:5000/api/account/register",
                    "protocol": "http",
                    "host": [
                        "localhost"
                    ],
                    "port": "5000",
                    "path": [
                        "api",
                        "account",
                        "register"
                    ]
                },
                "body": {
                    "mode": "raw",
                    "raw": "{\n    \"nombre\": \"rodrigo\",\n    \"password\": \"MiPasswordSegura123\"\n}"
                }
            }
        },
        {
            "name": "Login (API REST Segura)",
            "request": {
                "method": "POST",
                "header": [
                    {
                        "key": "Content-Type",
                        "value": "application/json"
                    }
                ],
                "url": {
                    "raw": "http://localhost:5000/api/account/login",
                    "protocol": "http",
                    "host": [
                        "localhost"
                    ],
                    "port": "5000",
                    "path": [
                        "api",
                        "account",
                        "login"
                    ]
                },
                "body": {
                    "mode": "raw",
                    "raw": "{\n    \"nombre\": \"rodrigo\",\n    \"password\": \"MiPasswordSegura123\"\n}"
                }
            }
        },
        {
            "name": "Profile (API REST Segura)",
            "request": {
                "method": "GET",
                "header": [],
                "url": {
                    "raw": "http://localhost:5000/api/account/profile",
                    "protocol": "http",
                    "host": [
                        "localhost"
                    ],
                    "port": "5000",
                    "path": [
                        "api",
                        "account",
                        "profile"
                    ]
                }
            }
        }
    ]
}